{"cameraMode":{"drawMode":0,"name":"Shaded","section":"Shading Mode"},"sceneLighting":true,"audioPlay":false,"sceneViewState":{"showFog":true,"showMaterialUpdate":false,"showSkybox":true,"showFlares":true,"showImageEffects":true,"showParticleSystems":true},"in2DMode":false,"pivot":{"x":-0.5124063491821289,"y":0.4945564270019531,"z":-1.259232521057129},"rotation":{"x":-0.3081718981266022,"y":-0.10616444051265717,"z":0.03463000804185867,"w":-0.9447566270828247},"size":21.52632713317871,"orthographic":false}