{"cameraMode":{"drawMode":0,"name":"Shaded","section":"Shading Mode"},"sceneLighting":false,"audioPlay":false,"sceneViewState":{"showFog":true,"showMaterialUpdate":false,"showSkybox":false,"showFlares":true,"showImageEffects":true,"showParticleSystems":true},"in2DMode":false,"pivot":{"x":-3.3173305988311769,"y":-0.5765550136566162,"z":0.1960524618625641},"rotation":{"x":0.1356835514307022,"y":-0.6933742761611939,"z":0.13544854521751405,"w":0.6946387887001038},"size":4.703610420227051,"orthographic":false}