{"cameraMode":{"drawMode":0,"name":"Shaded","section":"Shading Mode"},"sceneLighting":true,"audioPlay":false,"sceneViewState":{"showFog":true,"showMaterialUpdate":false,"showSkybox":true,"showFlares":true,"showImageEffects":true,"showParticleSystems":true},"in2DMode":false,"pivot":{"x":102.13168334960938,"y":-28.891986846923829,"z":-17.847110748291017},"rotation":{"x":0.12530310451984406,"y":0.7931072115898132,"z":-0.1745987981557846,"w":0.5699460506439209},"size":131.10179138183595,"orthographic":false}