{"cameraMode":{"drawMode":0,"name":"Shaded","section":"Shading Mode"},"sceneLighting":true,"audioPlay":false,"sceneViewState":{"showFog":true,"showMaterialUpdate":false,"showSkybox":true,"showFlares":true,"showImageEffects":true,"showParticleSystems":true},"in2DMode":false,"pivot":{"x":-0.8522440791130066,"y":1.821659803390503,"z":-1.3021390438079835},"rotation":{"x":-0.18166399002075196,"y":-0.49204668402671816,"z":0.10580627620220185,"w":-0.8448110818862915},"size":10.775679588317871,"orthographic":false}