{"cameraMode":{"drawMode":0,"name":"Shaded","section":"Shading Mode"},"sceneLighting":true,"audioPlay":false,"sceneViewState":{"showFog":true,"showMaterialUpdate":false,"showSkybox":true,"showFlares":true,"showImageEffects":true,"showParticleSystems":true},"in2DMode":false,"pivot":{"x":-1.052199363708496,"y":-0.4926872253417969,"z":1.9422483444213868},"rotation":{"x":-0.2304231971502304,"y":0.048725321888923648,"z":-0.011553195305168629,"w":-0.9718028903007507},"size":13.654213905334473,"orthographic":false}