{"cameraMode":{"drawMode":0,"name":"Shaded","section":"Shading Mode"},"sceneLighting":false,"audioPlay":false,"sceneViewState":{"showFog":true,"showMaterialUpdate":false,"showSkybox":false,"showFlares":true,"showImageEffects":true,"showParticleSystems":true},"in2DMode":false,"pivot":{"x":8.269828796386719,"y":18.038644790649415,"z":3.6176676750183107},"rotation":{"x":0.32476651668548586,"y":-0.12716972827911378,"z":0.04409350827336311,"w":0.9361938238143921},"size":0.3361216187477112,"orthographic":false}