{"cameraMode":{"drawMode":0,"name":"Shaded","section":"Shading Mode"},"sceneLighting":true,"audioPlay":false,"sceneViewState":{"showFog":true,"showMaterialUpdate":false,"showSkybox":true,"showFlares":true,"showImageEffects":true,"showParticleSystems":true},"in2DMode":false,"pivot":{"x":16.92141342163086,"y":13.963104248046875,"z":27.938148498535158},"rotation":{"x":0.40944868326187136,"y":-0.5133621096611023,"z":0.3045635223388672,"w":0.6900487542152405},"size":45.184715270996097,"orthographic":false}
