{"cameraMode":{"drawMode":0,"name":"Shaded","section":"Shading Mode"},"sceneLighting":true,"audioPlay":false,"sceneViewState":{"showFog":true,"showMaterialUpdate":false,"showSkybox":true,"showFlares":true,"showImageEffects":true,"showParticleSystems":true},"in2DMode":false,"pivot":{"x":-73.59154510498047,"y":-203.1757354736328,"z":-528.5691528320313},"rotation":{"x":0.014955926686525345,"y":-0.9790418148040772,"z":0.18787997961044312,"w":0.0776919275522232},"size":650.8624877929688,"orthographic":false}