{"cameraMode":{"drawMode":0,"name":"Shaded","section":"Shading Mode"},"sceneLighting":true,"audioPlay":false,"sceneViewState":{"showFog":true,"showMaterialUpdate":false,"showSkybox":true,"showFlares":true,"showImageEffects":true,"showParticleSystems":true},"in2DMode":false,"pivot":{"x":17.700439453125,"y":-5.343029499053955,"z":76.07032012939453},"rotation":{"x":0.15701350569725038,"y":0.04206761345267296,"z":-0.006699706427752972,"w":0.9866958856582642},"size":83.03890991210938,"orthographic":false}