{"cameraMode":{"drawMode":0,"name":"Shaded","section":"Shading Mode"},"sceneLighting":false,"audioPlay":false,"sceneViewState":{"showFog":true,"showMaterialUpdate":false,"showSkybox":false,"showFlares":true,"showImageEffects":true,"showParticleSystems":true},"in2DMode":false,"pivot":{"x":8.399738311767579,"y":15.319791793823243,"z":6.118298530578613},"rotation":{"x":-0.09403049200773239,"y":0.9024057388305664,"z":-0.3365878164768219,"w":-0.2520761787891388},"size":2.376852512359619,"orthographic":false}