{"cameraMode":{"drawMode":0,"name":"Shaded","section":"Shading Mode"},"sceneLighting":false,"audioPlay":false,"sceneViewState":{"showFog":true,"showMaterialUpdate":false,"showSkybox":false,"showFlares":true,"showImageEffects":true,"showParticleSystems":true},"in2DMode":false,"pivot":{"x":-6.004707336425781,"y":3.0109338760375978,"z":-47.69023132324219},"rotation":{"x":-0.012797581031918526,"y":0.6902594566345215,"z":0.012212173081934452,"w":0.7233483791351318},"size":10.004434585571289,"orthographic":false}