{"cameraMode":{"drawMode":0,"name":"Shaded","section":"Shading Mode"},"sceneLighting":false,"audioPlay":false,"sceneViewState":{"showFog":true,"showMaterialUpdate":false,"showSkybox":false,"showFlares":true,"showImageEffects":true,"showParticleSystems":true},"in2DMode":false,"pivot":{"x":20.798328399658204,"y":14.65431022644043,"z":14.55616569519043},"rotation":{"x":0.08916886150836945,"y":-0.7331177592277527,"z":0.09802073985338211,"w":0.6671151518821716},"size":3.6671335697174074,"orthographic":true}