{"cameraMode":{"drawMode":0,"name":"Shaded","section":"Shading Mode"},"sceneLighting":false,"audioPlay":false,"sceneViewState":{"showFog":true,"showMaterialUpdate":false,"showSkybox":false,"showFlares":true,"showImageEffects":true,"showParticleSystems":true},"in2DMode":false,"pivot":{"x":1.2289999723434449,"y":3.740999937057495,"z":-5.65500020980835},"rotation":{"x":-0.0682610496878624,"y":0.9305582642555237,"z":-0.27749761939048769,"w":-0.2289062738418579},"size":1.471576452255249,"orthographic":false}