{"cameraMode":{"drawMode":0,"name":"Shaded","section":"Shading Mode"},"sceneLighting":false,"audioPlay":false,"sceneViewState":{"showFog":true,"showMaterialUpdate":false,"showSkybox":false,"showFlares":true,"showImageEffects":true,"showParticleSystems":true},"in2DMode":false,"pivot":{"x":14.252569198608399,"y":3.14914608001709,"z":-21.985912322998048},"rotation":{"x":-0.0008234499837271869,"y":0.7222127318382263,"z":0.0008595534600317478,"w":0.6916718482971191},"size":13.419270515441895,"orthographic":false}