{"cameraMode":{"drawMode":0,"name":"Shaded","section":"Shading Mode"},"sceneLighting":false,"audioPlay":false,"sceneViewState":{"showFog":true,"showMaterialUpdate":false,"showSkybox":false,"showFlares":true,"showImageEffects":true,"showParticleSystems":true},"in2DMode":false,"pivot":{"x":-14.690043449401856,"y":-9.104081153869629,"z":-19.616962432861329},"rotation":{"x":-0.10499926656484604,"y":0.8851029276847839,"z":-0.24271760880947114,"w":-0.38325387239456179},"size":34.96250915527344,"orthographic":false}