{"cameraMode":{"drawMode":0,"name":"Shaded","section":"Shading Mode"},"sceneLighting":false,"audioPlay":false,"sceneViewState":{"showFog":true,"showMaterialUpdate":false,"showSkybox":false,"showFlares":true,"showImageEffects":true,"showParticleSystems":true},"in2DMode":false,"pivot":{"x":5.4591145515441898,"y":7.439765453338623,"z":-1.104657530784607},"rotation":{"x":0.041191793978214267,"y":-0.8361356854438782,"z":0.06368274986743927,"w":0.5434352159500122},"size":2.1381635665893556,"orthographic":false}