{"cameraMode":{"drawMode":0,"name":"Shaded","section":"Shading Mode"},"sceneLighting":true,"audioPlay":false,"sceneViewState":{"showFog":true,"showMaterialUpdate":false,"showSkybox":true,"showFlares":true,"showImageEffects":true,"showParticleSystems":true},"in2DMode":false,"pivot":{"x":20.227176666259767,"y":14.654300689697266,"z":-3.9244420528411867},"rotation":{"x":0.005813790950924158,"y":0.8730179071426392,"z":-0.4876401424407959,"w":0.010493162088096142},"size":330.3290100097656,"orthographic":false}