{"cameraMode":{"drawMode":0,"name":"Shaded","section":"Shading Mode"},"sceneLighting":false,"audioPlay":false,"sceneViewState":{"showFog":true,"showMaterialUpdate":false,"showSkybox":false,"showFlares":true,"showImageEffects":true,"showParticleSystems":true},"in2DMode":false,"pivot":{"x":5.506190776824951,"y":6.988182544708252,"z":-0.7811881303787231},"rotation":{"x":-0.06754638999700546,"y":-0.488618940114975,"z":0.03766697645187378,"w":-0.8691720366477966},"size":3.9561736583709719,"orthographic":false}