{"cameraMode":{"drawMode":0,"name":"Shaded","section":"Shading Mode"},"sceneLighting":true,"audioPlay":false,"sceneViewState":{"showFog":true,"showMaterialUpdate":false,"showSkybox":true,"showFlares":true,"showImageEffects":true,"showParticleSystems":true},"in2DMode":false,"pivot":{"x":621.774658203125,"y":368.94677734375,"z":-1386.552490234375},"rotation":{"x":0.0209962148219347,"y":0.0023993379436433317,"z":-0.00005332103683031164,"w":0.9997900128364563},"size":60.35270690917969,"orthographic":false}