{"cameraMode":{"drawMode":0,"name":"Shaded","section":"Shading Mode"},"sceneLighting":false,"audioPlay":false,"sceneViewState":{"showFog":true,"showMaterialUpdate":false,"showSkybox":false,"showFlares":true,"showImageEffects":true,"showParticleSystems":true},"in2DMode":false,"pivot":{"x":6.9670090675354,"y":-0.36161327362060549,"z":27.70508575439453},"rotation":{"x":-0.0682610496878624,"y":0.9305582642555237,"z":-0.27749761939048769,"w":-0.2289062738418579},"size":26.42222785949707,"orthographic":false}