{"cameraMode":{"drawMode":0,"name":"Shaded","section":"Shading Mode"},"sceneLighting":true,"audioPlay":false,"sceneViewState":{"showFog":true,"showMaterialUpdate":false,"showSkybox":true,"showFlares":true,"showImageEffects":true,"showParticleSystems":true},"in2DMode":false,"pivot":{"x":631.94384765625,"y":271.18463134765627,"z":32.883056640625},"rotation":{"x":0.02069646678864956,"y":-0.001199726713821292,"z":0.000024846514861565083,"w":0.9997870326042175},"size":1044.65185546875,"orthographic":false}