{"cameraMode":{"drawMode":0,"name":"Shaded","section":"Shading Mode"},"sceneLighting":false,"audioPlay":false,"sceneViewState":{"showFog":true,"showMaterialUpdate":false,"showSkybox":false,"showFlares":true,"showImageEffects":true,"showParticleSystems":true},"in2DMode":false,"pivot":{"x":0.07915019989013672,"y":-0.11835289001464844,"z":-0.764838695526123},"rotation":{"x":-0.14746062457561494,"y":0.8369872570037842,"z":-0.27510541677474978,"w":-0.4496760666370392},"size":13.871442794799805,"orthographic":false}