{"cameraMode":{"drawMode":0,"name":"Shaded","section":"Shading Mode"},"sceneLighting":false,"audioPlay":false,"sceneViewState":{"showFog":true,"showMaterialUpdate":false,"showSkybox":false,"showFlares":true,"showImageEffects":true,"showParticleSystems":true},"in2DMode":false,"pivot":{"x":0.623699426651001,"y":10.453424453735352,"z":-9.985956192016602},"rotation":{"x":0.02039347030222416,"y":0.016196513548493387,"z":-0.00033058595727197826,"w":0.99966961145401},"size":18.919065475463868,"orthographic":false}