{"cameraMode":{"drawMode":0,"name":"Shaded","section":"Shading Mode"},"sceneLighting":false,"audioPlay":false,"sceneViewState":{"showFog":true,"showMaterialUpdate":false,"showSkybox":false,"showFlares":true,"showImageEffects":true,"showParticleSystems":true},"in2DMode":false,"pivot":{"x":2.6377761363983156,"y":5.421098232269287,"z":-3.110898494720459},"rotation":{"x":0.15200521051883698,"y":-0.8389004468917847,"z":0.2960881292819977,"w":0.4306759834289551},"size":5.174639701843262,"orthographic":false}