{"cameraMode":{"drawMode":0,"name":"Shaded","section":"Shading Mode"},"sceneLighting":false,"audioPlay":false,"sceneViewState":{"showFog":true,"showMaterialUpdate":false,"showSkybox":false,"showFlares":true,"showImageEffects":true,"showParticleSystems":true},"in2DMode":false,"pivot":{"x":6.63688850402832,"y":7.56121826171875,"z":-0.792752742767334},"rotation":{"x":0.3615192472934723,"y":-0.18013061583042146,"z":0.07140368968248368,"w":0.9120088815689087},"size":3.6687653064727785,"orthographic":false}