{"cameraMode":{"drawMode":0,"name":"Shaded","section":"Shading Mode"},"sceneLighting":true,"audioPlay":false,"sceneViewState":{"showFog":true,"showMaterialUpdate":false,"showSkybox":true,"showFlares":true,"showImageEffects":true,"showParticleSystems":true},"in2DMode":false,"pivot":{"x":14.509551048278809,"y":7.837932586669922,"z":8.481489181518555},"rotation":{"x":0.0004277968837413937,"y":-0.773018479347229,"z":0.6345098614692688,"w":0.0004332072858233005},"size":34.211612701416019,"orthographic":false}