{"cameraMode":{"drawMode":0,"name":"Shaded","section":"Shading Mode"},"sceneLighting":false,"audioPlay":false,"sceneViewState":{"showFog":true,"showMaterialUpdate":false,"showSkybox":false,"showFlares":true,"showImageEffects":true,"showParticleSystems":true},"in2DMode":false,"pivot":{"x":419.70880126953127,"y":227.63650512695313,"z":368.0810852050781},"rotation":{"x":-0.0728435292840004,"y":0.0068790423683822159,"z":-0.0005023246631026268,"w":-0.9973194003105164},"size":1375.4400634765625,"orthographic":false}