{"cameraMode":{"drawMode":0,"name":"Shaded","section":"Shading Mode"},"sceneLighting":true,"audioPlay":false,"sceneViewState":{"showFog":true,"showMaterialUpdate":false,"showSkybox":true,"showFlares":true,"showImageEffects":true,"showParticleSystems":true},"in2DMode":false,"pivot":{"x":682.5711059570313,"y":261.25,"z":4.344895362854004},"rotation":{"x":-0.07343176752328873,"y":0.007479822263121605,"z":0.0005500013357959688,"w":0.9972725510597229},"size":1135.775390625,"orthographic":true}