{"cameraMode":{"drawMode":0,"name":"Shaded","section":"Shading Mode"},"sceneLighting":false,"audioPlay":false,"sceneViewState":{"showFog":true,"showMaterialUpdate":false,"showSkybox":false,"showFlares":true,"showImageEffects":true,"showParticleSystems":true},"in2DMode":false,"pivot":{"x":-4.828166961669922,"y":-2.853883743286133,"z":3.346298933029175},"rotation":{"x":0.31172052025794985,"y":-0.5543730854988098,"z":0.23511351644992829,"w":0.7350164651870728},"size":19.59197235107422,"orthographic":false}