{"cameraMode":{"drawMode":0,"name":"Shaded","section":"Shading Mode"},"sceneLighting":false,"audioPlay":false,"sceneViewState":{"showFog":true,"showMaterialUpdate":false,"showSkybox":false,"showFlares":true,"showImageEffects":true,"showParticleSystems":true},"in2DMode":false,"pivot":{"x":4.460507392883301,"y":7.1724395751953129,"z":-1.077880620956421},"rotation":{"x":-0.3727738559246063,"y":0.4420158565044403,"z":-0.20914997160434724,"w":-0.7887527942657471},"size":2.265899658203125,"orthographic":false}