{"cameraMode":{"drawMode":0,"name":"Shaded","section":"Shading Mode"},"sceneLighting":false,"audioPlay":false,"sceneViewState":{"showFog":true,"showMaterialUpdate":false,"showSkybox":false,"showFlares":true,"showImageEffects":true,"showParticleSystems":true},"in2DMode":false,"pivot":{"x":-4.4166975021362309,"y":0.4855690002441406,"z":9.07795524597168},"rotation":{"x":-0.0682610496878624,"y":0.9305582642555237,"z":-0.27749761939048769,"w":-0.2289062738418579},"size":27.710527420043947,"orthographic":false}