{"cameraMode":{"drawMode":0,"name":"Shaded","section":"Shading Mode"},"sceneLighting":true,"audioPlay":false,"sceneViewState":{"showFog":true,"showMaterialUpdate":false,"showSkybox":true,"showFlares":true,"showImageEffects":true,"showParticleSystems":true},"in2DMode":false,"pivot":{"x":623.4614868164063,"y":186.4611053466797,"z":1069.703369140625},"rotation":{"x":0.03539036586880684,"y":0.0011997014516964555,"z":-0.00004231830462231301,"w":0.9993806481361389},"size":2195.535888671875,"orthographic":false}
