{"cameraMode":{"drawMode":0,"name":"Shaded","section":"Shading Mode"},"sceneLighting":true,"audioPlay":false,"sceneViewState":{"showFog":true,"showMaterialUpdate":false,"showSkybox":true,"showFlares":true,"showImageEffects":true,"showParticleSystems":true},"in2DMode":false,"pivot":{"x":4.606302261352539,"y":17.584064483642579,"z":-3.52382755279541},"rotation":{"x":-0.12251197546720505,"y":0.05357573553919792,"z":-0.006752389948815107,"w":-0.9910691976547241},"size":16.556726455688478,"orthographic":false}
