{"cameraMode":{"drawMode":0,"name":"Shaded","section":"Shading Mode"},"sceneLighting":false,"audioPlay":false,"sceneViewState":{"showFog":true,"showMaterialUpdate":false,"showSkybox":false,"showFlares":true,"showImageEffects":true,"showParticleSystems":true},"in2DMode":false,"pivot":{"x":-3.708292245864868,"y":13.079309463500977,"z":-12.051153182983399},"rotation":{"x":-0.10464153438806534,"y":0.8928888440132141,"z":-0.27426406741142275,"w":-0.3417035937309265},"size":16.23813247680664,"orthographic":false}