{"cameraMode":{"drawMode":0,"name":"Shaded","section":"Shading Mode"},"sceneLighting":false,"audioPlay":false,"sceneViewState":{"showFog":true,"showMaterialUpdate":false,"showSkybox":false,"showFlares":true,"showImageEffects":true,"showParticleSystems":true},"in2DMode":false,"pivot":{"x":7.383542060852051,"y":8.217748641967774,"z":0.9569590091705322},"rotation":{"x":-0.08839123696088791,"y":-0.11478650569915772,"z":-0.010256321169435978,"w":0.9894031286239624},"size":4.654660224914551,"orthographic":false}