{"cameraMode":{"drawMode":0,"name":"Shaded","section":"Shading Mode"},"sceneLighting":false,"audioPlay":false,"sceneViewState":{"showFog":true,"showMaterialUpdate":false,"showSkybox":false,"showFlares":true,"showImageEffects":true,"showParticleSystems":true},"in2DMode":false,"pivot":{"x":11.535361289978028,"y":0.07800006866455078,"z":-2.1135735511779787},"rotation":{"x":-0.0008234499837271869,"y":0.7222127318382263,"z":0.0008595534600317478,"w":0.6916718482971191},"size":26.16915512084961,"orthographic":false}