{"cameraMode":{"drawMode":0,"name":"Shaded","section":"Shading Mode"},"sceneLighting":true,"audioPlay":false,"sceneViewState":{"showFog":true,"showMaterialUpdate":false,"showSkybox":true,"showFlares":true,"showImageEffects":true,"showParticleSystems":true},"in2DMode":false,"pivot":{"x":11.193675994873047,"y":11.48566722869873,"z":14.089255332946778},"rotation":{"x":0.2830376625061035,"y":-0.37590253353118899,"z":0.12176736444234848,"w":0.8739551901817322},"size":24.884950637817384,"orthographic":false}